"STATION","NAME","LATITUDE","LONGITUDE","ELEVATION","DATE","TAVG","TAVG_ATTRIBUTES","TMIN","TMIN_ATTRIBUTES"
"SNM00048698","SINGAPORE CHANGI INTERNATIONAL, SN","1.35","103.994","6.7","2024-01-01","78","H,,S",,
"SNM00048698","SINGAPORE CHANGI INTERNATIONAL, SN","1.35","103.994","6.7","2024-01-02","81","H,,S","76",",,S"
"SNM00048698","SINGAPORE CHANGI INTERNATIONAL, SN","1.35","103.994","6.7","2024-01-03","80","H,,S",,
"SNM00048698","SINGAPORE CHANGI INTERNATIONAL, SN","1.35","103.994","6.7","2024-01-04","77","H,,S","74",",,S"
"SNM00048698","SINGAPORE CHANGI INTERNATIONAL, SN","1.35","103.994","6.7","2024-01-05","81","H,,S","74",",,S"
"SNM00048698","SINGAPORE CHANGI INTERNATIONAL, SN","1.35","103.994","6.7","2024-01-06","81","H,,S",,
"SNM00048698","SINGAPORE CHANGI INTERNATIONAL, SN","1.35","103.994","6.7","2024-01-07","76","H,,S",,
"SNM00048698","SINGAPORE CHANGI INTERNATIONAL, SN","1.35","103.994","6.7","2024-01-08","81","H,,S","74",",,S"
"SNM00048698","SINGAPORE CHANGI INTERNATIONAL, SN","1.35","103.994","6.7","2024-01-09","80","H,,S",,
"SNM00048698","SINGAPORE CHANGI INTERNATIONAL, SN","1.35","103.994","6.7","2024-01-10","80","H,,S","76",",,S"
"SNM00048698","SINGAPORE CHANGI INTERNATIONAL, SN","1.35","103.994","6.7","2024-01-11","81","H,,S","76",",,S"
"SNM00048698","SINGAPORE CHANGI INTERNATIONAL, SN","1.35","103.994","6.7","2024-01-12","77","H,,S",,
"SNM00048698","SINGAPORE CHANGI INTERNATIONAL, SN","1.35","103.994","6.7","2024-01-13","81","H,,S","74",",,S"
"SNM00048698","SINGAPORE CHANGI INTERNATIONAL, SN","1.35","103.994","6.7","2024-01-14","81","H,,S","78",",,S"
"SNM00048698","SINGAPORE CHANGI INTERNATIONAL, SN","1.35","103.994","6.7","2024-01-15","81","H,,S",,
"SNM00048698","SINGAPORE CHANGI INTERNATIONAL, SN","1.35","103.994","6.7","2024-01-16","80","H,,S",,
"SNM00048698","SINGAPORE CHANGI INTERNATIONAL, SN","1.35","103.994","6.7","2024-01-17","81","H,,S","75",",,S"
"SNM00048698","SINGAPORE CHANGI INTERNATIONAL, SN","1.35","103.994","6.7","2024-01-18","80","H,,S","77",",,S"
"SNM00048698","SINGAPORE CHANGI INTERNATIONAL, SN","1.35","103.994","6.7","2024-01-19","78","H,,S",,
"SNM00048698","SINGAPORE CHANGI INTERNATIONAL, SN","1.35","103.994","6.7","2024-01-20","76","H,,S",,
"SNM00048698","SINGAPORE CHANGI INTERNATIONAL, SN","1.35","103.994","6.7","2024-01-21","81","H,,S","74",",,S"
"SNM00048698","SINGAPORE CHANGI INTERNATIONAL, SN","1.35","103.994","6.7","2024-01-22","82","H,,S","76",",,S"
"SNM00048698","SINGAPORE CHANGI INTERNATIONAL, SN","1.35","103.994","6.7","2024-01-23","80","H,,S",,
"SNM00048698","SINGAPORE CHANGI INTERNATIONAL, SN","1.35","103.994","6.7","2024-01-24","80","H,,S","75",",,S"
"SNM00048698","SINGAPORE CHANGI INTERNATIONAL, SN","1.35","103.994","6.7","2024-01-25","79","H,,S","75",",,S"
"SNM00048698","SINGAPORE CHANGI INTERNATIONAL, SN","1.35","103.994","6.7","2024-01-26","82","H,,S","75",",,S"
"SNM00048698","SINGAPORE CHANGI INTERNATIONAL, SN","1.35","103.994","6.7","2024-01-27","82","H,,S",,
"SNM00048698","SINGAPORE CHANGI INTERNATIONAL, SN","1.35","103.994","6.7","2024-01-28","82","H,,S","78",",,S"
"SNM00048698","SINGAPORE CHANGI INTERNATIONAL, SN","1.35","103.994","6.7","2024-01-29","81","H,,S",,
"SNM00048698","SINGAPORE CHANGI INTERNATIONAL, SN","1.35","103.994","6.7","2024-01-30","81","H,,S",,
"SNM00048698","SINGAPORE CHANGI INTERNATIONAL, SN","1.35","103.994","6.7","2024-01-31","81","H,,S","78",",,S"
"SNM00048698","SINGAPORE CHANGI INTERNATIONAL, SN","1.35","103.994","6.7","2024-02-01","82","H,,S","79",",,S"
"SNM00048698","SINGAPORE CHANGI INTERNATIONAL, SN","1.35","103.994","6.7","2024-02-02","82","H,,S","79",",,S"
"SNM00048698","SINGAPORE CHANGI INTERNATIONAL, SN","1.35","103.994","6.7","2024-02-03","82","H,,S",,
"SNM00048698","SINGAPORE CHANGI INTERNATIONAL, SN","1.35","103.994","6.7","2024-02-04","82","H,,S",,
"SNM00048698","SINGAPORE CHANGI INTERNATIONAL, SN","1.35","103.994","6.7","2024-02-05","82","H,,S",,
"SNM00048698","SINGAPORE CHANGI INTERNATIONAL, SN","1.35","103.994","6.7","2024-02-06","82","H,,S",,
"SNM00048698","SINGAPORE CHANGI INTERNATIONAL, SN","1.35","103.994","6.7","2024-02-07","82","H,,S",,
"SNM00048698","SINGAPORE CHANGI INTERNATIONAL, SN","1.35","103.994","6.7","2024-02-08","83","H,,S","79",",,S"
"SNM00048698","SINGAPORE CHANGI INTERNATIONAL, SN","1.35","103.994","6.7","2024-02-09","82","H,,S",,
"SNM00048698","SINGAPORE CHANGI INTERNATIONAL, SN","1.35","103.994","6.7","2024-02-10","82","H,,S","76",",,S"
"SNM00048698","SINGAPORE CHANGI INTERNATIONAL, SN","1.35","103.994","6.7","2024-02-11","82","H,,S",,
"SNM00048698","SINGAPORE CHANGI INTERNATIONAL, SN","1.35","103.994","6.7","2024-02-12","80","H,,S","76",",,S"
"SNM00048698","SINGAPORE CHANGI INTERNATIONAL, SN","1.35","103.994","6.7","2024-02-13","81","H,,S","76",",,S"
"SNM00048698","SINGAPORE CHANGI INTERNATIONAL, SN","1.35","103.994","6.7","2024-02-14","82","H,,S","77",",,S"
"SNM00048698","SINGAPORE CHANGI INTERNATIONAL, SN","1.35","103.994","6.7","2024-02-15","81","H,,S","78",",,S"
"SNM00048698","SINGAPORE CHANGI INTERNATIONAL, SN","1.35","103.994","6.7","2024-02-16","82","H,,S","78",",,S"
"SNM00048698","SINGAPORE CHANGI INTERNATIONAL, SN","1.35","103.994","6.7","2024-02-17","82","H,,S",,
"SNM00048698","SINGAPORE CHANGI INTERNATIONAL, SN","1.35","103.994","6.7","2024-02-18","83","H,,S",,
"SNM00048698","SINGAPORE CHANGI INTERNATIONAL, SN","1.35","103.994","6.7","2024-02-19","84","H,,S","79",",,S"
"SNM00048698","SINGAPORE CHANGI INTERNATIONAL, SN","1.35","103.994","6.7","2024-02-20","84","H,,S",,
"SNM00048698","SINGAPORE CHANGI INTERNATIONAL, SN","1.35","103.994","6.7","2024-02-21","83","H,,S",,
"SNM00048698","SINGAPORE CHANGI INTERNATIONAL, SN","1.35","103.994","6.7","2024-02-22","83","H,,S",,
"SNM00048698","SINGAPORE CHANGI INTERNATIONAL, SN","1.35","103.994","6.7","2024-02-23","83","H,,S",,
"SNM00048698","SINGAPORE CHANGI INTERNATIONAL, SN","1.35","103.994","6.7","2024-02-24","83","H,,S","79",",,S"
"SNM00048698","SINGAPORE CHANGI INTERNATIONAL, SN","1.35","103.994","6.7","2024-02-25","84","H,,S",,
"SNM00048698","SINGAPORE CHANGI INTERNATIONAL, SN","1.35","103.994","6.7","2024-02-26","84","H,,S","80",",,S"
"SNM00048698","SINGAPORE CHANGI INTERNATIONAL, SN","1.35","103.994","6.7","2024-02-27","82","H,,S",,
"SNM00048698","SINGAPORE CHANGI INTERNATIONAL, SN","1.35","103.994","6.7","2024-02-28","83","H,,S",,
"SNM00048698","SINGAPORE CHANGI INTERNATIONAL, SN","1.35","103.994","6.7","2024-02-29","85","H,,S","79",",,S"
"SNM00048698","SINGAPORE CHANGI INTERNATIONAL, SN","1.35","103.994","6.7","2024-03-01","84","H,,S",,
"SNM00048698","SINGAPORE CHANGI INTERNATIONAL, SN","1.35","103.994","6.7","2024-03-02","83","H,,S",,
"SNM00048698","SINGAPORE CHANGI INTERNATIONAL, SN","1.35","103.994","6.7","2024-03-03","81","H,,S","76",",,S"
"SNM00048698","SINGAPORE CHANGI INTERNATIONAL, SN","1.35","103.994","6.7","2024-03-04","82","H,,S",,
"SNM00048698","SINGAPORE CHANGI INTERNATIONAL, SN","1.35","103.994","6.7","2024-03-05","80","H,,S","75",",,S"
"SNM00048698","SINGAPORE CHANGI INTERNATIONAL, SN","1.35","103.994","6.7","2024-03-06","83","H,,S","77",",,S"
"SNM00048698","SINGAPORE CHANGI INTERNATIONAL, SN","1.35","103.994","6.7","2024-03-07","83","H,,S",,
"SNM00048698","SINGAPORE CHANGI INTERNATIONAL, SN","1.35","103.994","6.7","2024-03-08","80","H,,S",,
"SNM00048698","SINGAPORE CHANGI INTERNATIONAL, SN","1.35","103.994","6.7","2024-03-09","84","H,,S","72",",,S"
"SNM00048698","SINGAPORE CHANGI INTERNATIONAL, SN","1.35","103.994","6.7","2024-03-10","83","H,,S",,
"SNM00048698","SINGAPORE CHANGI INTERNATIONAL, SN","1.35","103.994","6.7","2024-03-11","84","H,,S","79",",,S"
"SNM00048698","SINGAPORE CHANGI INTERNATIONAL, SN","1.35","103.994","6.7","2024-03-12","83","H,,S",,
"SNM00048698","SINGAPORE CHANGI INTERNATIONAL, SN","1.35","103.994","6.7","2024-03-13","83","H,,S",,
"SNM00048698","SINGAPORE CHANGI INTERNATIONAL, SN","1.35","103.994","6.7","2024-03-14","83","H,,S",,
"SNM00048698","SINGAPORE CHANGI INTERNATIONAL, SN","1.35","103.994","6.7","2024-03-15","83","H,,S","78",",,S"
"SNM00048698","SINGAPORE CHANGI INTERNATIONAL, SN","1.35","103.994","6.7","2024-03-16","84","H,,S",,
"SNM00048698","SINGAPORE CHANGI INTERNATIONAL, SN","1.35","103.994","6.7","2024-03-17","84","H,,S",,
"SNM00048698","SINGAPORE CHANGI INTERNATIONAL, SN","1.35","103.994","6.7","2024-03-18","85","H,,S","78",",,S"
"SNM00048698","SINGAPORE CHANGI INTERNATIONAL, SN","1.35","103.994","6.7","2024-03-19","84","H,,S",,
"SNM00048698","SINGAPORE CHANGI INTERNATIONAL, SN","1.35","103.994","6.7","2024-03-20","84","H,,S","80",",,S"
"SNM00048698","SINGAPORE CHANGI INTERNATIONAL, SN","1.35","103.994","6.7","2024-03-21","83","H,,S",,
"SNM00048698","SINGAPORE CHANGI INTERNATIONAL, SN","1.35","103.994","6.7","2024-03-22","84","H,,S",,
"SNM00048698","SINGAPORE CHANGI INTERNATIONAL, SN","1.35","103.994","6.7","2024-03-23","85","H,,S",,
"SNM00048698","SINGAPORE CHANGI INTERNATIONAL, SN","1.35","103.994","6.7","2024-03-24","85","H,,S",,
"SNM00048698","SINGAPORE CHANGI INTERNATIONAL, SN","1.35","103.994","6.7","2024-03-25","85","H,,S","80",",,S"
"SNM00048698","SINGAPORE CHANGI INTERNATIONAL, SN","1.35","103.994","6.7","2024-03-26","87","H,,S",,
"SNM00048698","SINGAPORE CHANGI INTERNATIONAL, SN","1.35","103.994","6.7","2024-03-27","87","H,,S",,
"SNM00048698","SINGAPORE CHANGI INTERNATIONAL, SN","1.35","103.994","6.7","2024-04-01","84","H,,S",,
"SNM00048698","SINGAPORE CHANGI INTERNATIONAL, SN","1.35","103.994","6.7","2024-04-02","86","H,,S","82",",,S"
"SNM00048698","SINGAPORE CHANGI INTERNATIONAL, SN","1.35","103.994","6.7","2024-04-03","86","H,,S",,
"SNM00048698","SINGAPORE CHANGI INTERNATIONAL, SN","1.35","103.994","6.7","2024-04-04","83","H,,S",,
"SNM00048698","SINGAPORE CHANGI INTERNATIONAL, SN","1.35","103.994","6.7","2024-04-05","85","H,,S",,
"SNM00048698","SINGAPORE CHANGI INTERNATIONAL, SN","1.35","103.994","6.7","2024-04-06","87","H,,S","80",",,S"
"SNM00048698","SINGAPORE CHANGI INTERNATIONAL, SN","1.35","103.994","6.7","2024-04-07","88","H,,S","82",",,S"
"SNM00048698","SINGAPORE CHANGI INTERNATIONAL, SN","1.35","103.994","6.7","2024-04-08","85","H,,S",,
"SNM00048698","SINGAPORE CHANGI INTERNATIONAL, SN","1.35","103.994","6.7","2024-04-09","87","H,,S","80",",,S"
"SNM00048698","SINGAPORE CHANGI INTERNATIONAL, SN","1.35","103.994","6.7","2024-04-10","83","H,,S",,
"SNM00048698","SINGAPORE CHANGI INTERNATIONAL, SN","1.35","103.994","6.7","2024-04-11","84","H,,S",,
"SNM00048698","SINGAPORE CHANGI INTERNATIONAL, SN","1.35","103.994","6.7","2024-04-12","78","H,,S",,
"SNM00048698","SINGAPORE CHANGI INTERNATIONAL, SN","1.35","103.994","6.7","2024-04-13","85","H,,S","76",",,S"
"SNM00048698","SINGAPORE CHANGI INTERNATIONAL, SN","1.35","103.994","6.7","2024-04-14","83","H,,S","80",",,S"
"SNM00048698","SINGAPORE CHANGI INTERNATIONAL, SN","1.35","103.994","6.7","2024-04-15","85","H,,S","80",",,S"
"SNM00048698","SINGAPORE CHANGI INTERNATIONAL, SN","1.35","103.994","6.7","2024-04-16","80","H,,S",,
"SNM00048698","SINGAPORE CHANGI INTERNATIONAL, SN","1.35","103.994","6.7","2024-04-17","83","H,,S","76",",,S"
"SNM00048698","SINGAPORE CHANGI INTERNATIONAL, SN","1.35","103.994","6.7","2024-04-18","84","H,,S","79",",,S"
"SNM00048698","SINGAPORE CHANGI INTERNATIONAL, SN","1.35","103.994","6.7","2024-04-19","86","H,,S","79",",,S"
"SNM00048698","SINGAPORE CHANGI INTERNATIONAL, SN","1.35","103.994","6.7","2024-04-20","81","H,,S",,
"SNM00048698","SINGAPORE CHANGI INTERNATIONAL, SN","1.35","103.994","6.7","2024-04-21","84","H,,S","76",",,S"
"SNM00048698","SINGAPORE CHANGI INTERNATIONAL, SN","1.35","103.994","6.7","2024-04-22","86","H,,S",,
"SNM00048698","SINGAPORE CHANGI INTERNATIONAL, SN","1.35","103.994","6.7","2024-04-23","87","H,,S",,
"SNM00048698","SINGAPORE CHANGI INTERNATIONAL, SN","1.35","103.994","6.7","2024-04-24","86","H,,S","82",",,S"
"SNM00048698","SINGAPORE CHANGI INTERNATIONAL, SN","1.35","103.994","6.7","2024-04-25","86","H,,S",,
"SNM00048698","SINGAPORE CHANGI INTERNATIONAL, SN","1.35","103.994","6.7","2024-04-26","87","H,,S","81",",,S"
"SNM00048698","SINGAPORE CHANGI INTERNATIONAL, SN","1.35","103.994","6.7","2024-04-27","87","H,,S",,
"SNM00048698","SINGAPORE CHANGI INTERNATIONAL, SN","1.35","103.994","6.7","2024-04-28","84","H,,S",,
"SNM00048698","SINGAPORE CHANGI INTERNATIONAL, SN","1.35","103.994","6.7","2024-04-29","87","H,,S","76",",,S"
"SNM00048698","SINGAPORE CHANGI INTERNATIONAL, SN","1.35","103.994","6.7","2024-04-30","87","H,,S","83",",,S"
"SNM00048698","SINGAPORE CHANGI INTERNATIONAL, SN","1.35","103.994","6.7","2024-05-02","85","H,,S","79",",,S"
"SNM00048698","SINGAPORE CHANGI INTERNATIONAL, SN","1.35","103.994","6.7","2024-05-03","86","H,,S",,
"SNM00048698","SINGAPORE CHANGI INTERNATIONAL, SN","1.35","103.994","6.7","2024-05-04","79","H,,S",,
"SNM00048698","SINGAPORE CHANGI INTERNATIONAL, SN","1.35","103.994","6.7","2024-05-05","86","H,,S","76",",,S"
"SNM00048698","SINGAPORE CHANGI INTERNATIONAL, SN","1.35","103.994","6.7","2024-05-06","86","H,,S",,
"SNM00048698","SINGAPORE CHANGI INTERNATIONAL, SN","1.35","103.994","6.7","2024-05-07","83","H,,S",,
"SNM00048698","SINGAPORE CHANGI INTERNATIONAL, SN","1.35","103.994","6.7","2024-05-08","83","H,,S",,
"SNM00048698","SINGAPORE CHANGI INTERNATIONAL, SN","1.35","103.994","6.7","2024-05-09","87","H,,S","79",",,S"
"SNM00048698","SINGAPORE CHANGI INTERNATIONAL, SN","1.35","103.994","6.7","2024-05-10","84","H,,S",,
"SNM00048698","SINGAPORE CHANGI INTERNATIONAL, SN","1.35","103.994","6.7","2024-05-11","86","H,,S","80",",,S"
"SNM00048698","SINGAPORE CHANGI INTERNATIONAL, SN","1.35","103.994","6.7","2024-05-12","85","H,,S",,
"SNM00048698","SINGAPORE CHANGI INTERNATIONAL, SN","1.35","103.994","6.7","2024-05-13","82","H,,S",,
"SNM00048698","SINGAPORE CHANGI INTERNATIONAL, SN","1.35","103.994","6.7","2024-05-14","84","H,,S","79",",,S"
"SNM00048698","SINGAPORE CHANGI INTERNATIONAL, SN","1.35","103.994","6.7","2024-05-15","85","H,,S","77",",,S"
"SNM00048698","SINGAPORE CHANGI INTERNATIONAL, SN","1.35","103.994","6.7","2024-05-16","81","H,,S",,
"SNM00048698","SINGAPORE CHANGI INTERNATIONAL, SN","1.35","103.994","6.7","2024-05-17","85","H,,S","78",",,S"
"SNM00048698","SINGAPORE CHANGI INTERNATIONAL, SN","1.35","103.994","6.7","2024-05-18","84","H,,S",,
"SNM00048698","SINGAPORE CHANGI INTERNATIONAL, SN","1.35","103.994","6.7","2024-05-19","85","H,,S",,
"SNM00048698","SINGAPORE CHANGI INTERNATIONAL, SN","1.35","103.994","6.7","2024-05-20","82","H,,S","78",",,S"
"SNM00048698","SINGAPORE CHANGI INTERNATIONAL, SN","1.35","103.994","6.7","2024-05-21","84","H,,S",,
"SNM00048698","SINGAPORE CHANGI INTERNATIONAL, SN","1.35","103.994","6.7","2024-05-22","81","H,,S",,
"SNM00048698","SINGAPORE CHANGI INTERNATIONAL, SN","1.35","103.994","6.7","2024-05-23","83","H,,S",,
"SNM00048698","SINGAPORE CHANGI INTERNATIONAL, SN","1.35","103.994","6.7","2024-05-24","83","H,,S","77",",,S"
"SNM00048698","SINGAPORE CHANGI INTERNATIONAL, SN","1.35","103.994","6.7","2024-05-25","82","H,,S","77",",,S"
"SNM00048698","SINGAPORE CHANGI INTERNATIONAL, SN","1.35","103.994","6.7","2024-05-26","86","H,,S","76",",,S"
"SNM00048698","SINGAPORE CHANGI INTERNATIONAL, SN","1.35","103.994","6.7","2024-05-27","86","H,,S",,
"SNM00048698","SINGAPORE CHANGI INTERNATIONAL, SN","1.35","103.994","6.7","2024-05-28","85","H,,S",,
"SNM00048698","SINGAPORE CHANGI INTERNATIONAL, SN","1.35","103.994","6.7","2024-05-29","87","H,,S","79",",,S"
"SNM00048698","SINGAPORE CHANGI INTERNATIONAL, SN","1.35","103.994","6.7","2024-05-30","84","H,,S",,
"SNM00048698","SINGAPORE CHANGI INTERNATIONAL, SN","1.35","103.994","6.7","2024-05-31","84","H,,S",,
"SNM00048698","SINGAPORE CHANGI INTERNATIONAL, SN","1.35","103.994","6.7","2024-06-01","80","H,,S","73",",,S"
"SNM00048698","SINGAPORE CHANGI INTERNATIONAL, SN","1.35","103.994","6.7","2024-06-02","80","H,,S","76",",,S"
"SNM00048698","SINGAPORE CHANGI INTERNATIONAL, SN","1.35","103.994","6.7","2024-06-03","84","H,,S","77",",,S"
"SNM00048698","SINGAPORE CHANGI INTERNATIONAL, SN","1.35","103.994","6.7","2024-06-04","85","H,,S","80",",,S"
"SNM00048698","SINGAPORE CHANGI INTERNATIONAL, SN","1.35","103.994","6.7","2024-06-05","87","H,,S","82",",,S"
"SNM00048698","SINGAPORE CHANGI INTERNATIONAL, SN","1.35","103.994","6.7","2024-06-06","83","H,,S",,
"SNM00048698","SINGAPORE CHANGI INTERNATIONAL, SN","1.35","103.994","6.7","2024-06-07","84","H,,S","77",",,S"
"SNM00048698","SINGAPORE CHANGI INTERNATIONAL, SN","1.35","103.994","6.7","2024-06-08","84","H,,S",,
"SNM00048698","SINGAPORE CHANGI INTERNATIONAL, SN","1.35","103.994","6.7","2024-06-09","84","H,,S",,
"SNM00048698","SINGAPORE CHANGI INTERNATIONAL, SN","1.35","103.994","6.7","2024-06-10","85","H,,S","76",",,S"
"SNM00048698","SINGAPORE CHANGI INTERNATIONAL, SN","1.35","103.994","6.7","2024-06-11","84","H,,S",,
"SNM00048698","SINGAPORE CHANGI INTERNATIONAL, SN","1.35","103.994","6.7","2024-06-12","84","H,,S","78",",,S"
"SNM00048698","SINGAPORE CHANGI INTERNATIONAL, SN","1.35","103.994","6.7","2024-06-13","86","H,,S","80",",,S"
"SNM00048698","SINGAPORE CHANGI INTERNATIONAL, SN","1.35","103.994","6.7","2024-06-14","84","H,,S",,
"SNM00048698","SINGAPORE CHANGI INTERNATIONAL, SN","1.35","103.994","6.7","2024-06-15","83","H,,S",,
"SNM00048698","SINGAPORE CHANGI INTERNATIONAL, SN","1.35","103.994","6.7","2024-06-16","83","H,,S","75",",,S"
"SNM00048698","SINGAPORE CHANGI INTERNATIONAL, SN","1.35","103.994","6.7","2024-06-17","84","H,,S","76",",,S"
"SNM00048698","SINGAPORE CHANGI INTERNATIONAL, SN","1.35","103.994","6.7","2024-06-18","84","H,,S",,
"SNM00048698","SINGAPORE CHANGI INTERNATIONAL, SN","1.35","103.994","6.7","2024-06-19","83","H,,S",,
"SNM00048698","SINGAPORE CHANGI INTERNATIONAL, SN","1.35","103.994","6.7","2024-06-20","84","H,,S",,
"SNM00048698","SINGAPORE CHANGI INTERNATIONAL, SN","1.35","103.994","6.7","2024-06-21","81","H,,S","73",",,S"
"SNM00048698","SINGAPORE CHANGI INTERNATIONAL, SN","1.35","103.994","6.7","2024-06-22","80","H,,S","74",",,S"
"SNM00048698","SINGAPORE CHANGI INTERNATIONAL, SN","1.35","103.994","6.7","2024-06-23","84","H,,S","76",",,S"
"SNM00048698","SINGAPORE CHANGI INTERNATIONAL, SN","1.35","103.994","6.7","2024-06-24","85","H,,S",,
"SNM00048698","SINGAPORE CHANGI INTERNATIONAL, SN","1.35","103.994","6.7","2024-06-25","86","H,,S","78",",,S"
"SNM00048698","SINGAPORE CHANGI INTERNATIONAL, SN","1.35","103.994","6.7","2024-06-26","86","H,,S",,
"SNM00048698","SINGAPORE CHANGI INTERNATIONAL, SN","1.35","103.994","6.7","2024-06-27","83","H,,S",,
"SNM00048698","SINGAPORE CHANGI INTERNATIONAL, SN","1.35","103.994","6.7","2024-06-28","83","H,,S",,
"SNM00048698","SINGAPORE CHANGI INTERNATIONAL, SN","1.35","103.994","6.7","2024-06-29","84","H,,S",,
"SNM00048698","SINGAPORE CHANGI INTERNATIONAL, SN","1.35","103.994","6.7","2024-06-30","78","H,,S",,
"SNM00048698","SINGAPORE CHANGI INTERNATIONAL, SN","1.35","103.994","6.7","2024-07-01","83","H,,S","75",",,S"
"SNM00048698","SINGAPORE CHANGI INTERNATIONAL, SN","1.35","103.994","6.7","2024-07-02","84","H,,S","80",",,S"
"SNM00048698","SINGAPORE CHANGI INTERNATIONAL, SN","1.35","103.994","6.7","2024-07-03","84","H,,S",,
"SNM00048698","SINGAPORE CHANGI INTERNATIONAL, SN","1.35","103.994","6.7","2024-07-04","85","H,,S","78",",,S"
"SNM00048698","SINGAPORE CHANGI INTERNATIONAL, SN","1.35","103.994","6.7","2024-07-05","84","H,,S",,
"SNM00048698","SINGAPORE CHANGI INTERNATIONAL, SN","1.35","103.994","6.7","2024-07-06","83","H,,S",,
"SNM00048698","SINGAPORE CHANGI INTERNATIONAL, SN","1.35","103.994","6.7","2024-07-07","82","H,,S",,
"SNM00048698","SINGAPORE CHANGI INTERNATIONAL, SN","1.35","103.994","6.7","2024-07-08","80","H,,S",,
"SNM00048698","SINGAPORE CHANGI INTERNATIONAL, SN","1.35","103.994","6.7","2024-07-09","82","H,,S",,
"SNM00048698","SINGAPORE CHANGI INTERNATIONAL, SN","1.35","103.994","6.7","2024-07-10","83","H,,S","76",",,S"
"SNM00048698","SINGAPORE CHANGI INTERNATIONAL, SN","1.35","103.994","6.7","2024-07-11","84","H,,S",,
"SNM00048698","SINGAPORE CHANGI INTERNATIONAL, SN","1.35","103.994","6.7","2024-07-12","81","H,,S",,
"SNM00048698","SINGAPORE CHANGI INTERNATIONAL, SN","1.35","103.994","6.7","2024-07-13","85","H,,S","74",",,S"
"SNM00048698","SINGAPORE CHANGI INTERNATIONAL, SN","1.35","103.994","6.7","2024-07-14","85","H,,S","82",",,S"
"SNM00048698","SINGAPORE CHANGI INTERNATIONAL, SN","1.35","103.994","6.7","2024-07-15","85","H,,S","81",",,S"
"SNM00048698","SINGAPORE CHANGI INTERNATIONAL, SN","1.35","103.994","6.7","2024-07-16","85","H,,S",,
"SNM00048698","SINGAPORE CHANGI INTERNATIONAL, SN","1.35","103.994","6.7","2024-07-17","85","H,,S","82",",,S"
"SNM00048698","SINGAPORE CHANGI INTERNATIONAL, SN","1.35","103.994","6.7","2024-07-18","86","H,,S","82",",,S"
"SNM00048698","SINGAPORE CHANGI INTERNATIONAL, SN","1.35","103.994","6.7","2024-07-19","86","H,,S",,
"SNM00048698","SINGAPORE CHANGI INTERNATIONAL, SN","1.35","103.994","6.7","2024-07-20","87","H,,S","83",",,S"
"SNM00048698","SINGAPORE CHANGI INTERNATIONAL, SN","1.35","103.994","6.7","2024-07-21","86","H,,S","83",",,S"
"SNM00048698","SINGAPORE CHANGI INTERNATIONAL, SN","1.35","103.994","6.7","2024-07-22","86","H,,S",,
"SNM00048698","SINGAPORE CHANGI INTERNATIONAL, SN","1.35","103.994","6.7","2024-07-23","86","H,,S",,
"SNM00048698","SINGAPORE CHANGI INTERNATIONAL, SN","1.35","103.994","6.7","2024-07-24","86","H,,S",,
"SNM00048698","SINGAPORE CHANGI INTERNATIONAL, SN","1.35","103.994","6.7","2024-07-25","86","H,,S","82",",,S"
"SNM00048698","SINGAPORE CHANGI INTERNATIONAL, SN","1.35","103.994","6.7","2024-07-26","86","H,,S",,
"SNM00048698","SINGAPORE CHANGI INTERNATIONAL, SN","1.35","103.994","6.7","2024-07-27","87","H,,S",,
"SNM00048698","SINGAPORE CHANGI INTERNATIONAL, SN","1.35","103.994","6.7","2024-07-28","87","H,,S",,
"SNM00048698","SINGAPORE CHANGI INTERNATIONAL, SN","1.35","103.994","6.7","2024-07-29","86","H,,S",,
"SNM00048698","SINGAPORE CHANGI INTERNATIONAL, SN","1.35","103.994","6.7","2024-07-30","86","H,,S",,
"SNM00048698","SINGAPORE CHANGI INTERNATIONAL, SN","1.35","103.994","6.7","2024-07-31","83","H,,S",,
"SNM00048698","SINGAPORE CHANGI INTERNATIONAL, SN","1.35","103.994","6.7","2024-08-01","85","H,,S","78",",,S"
"SNM00048698","SINGAPORE CHANGI INTERNATIONAL, SN","1.35","103.994","6.7","2024-08-02","85","H,,S",,
"SNM00048698","SINGAPORE CHANGI INTERNATIONAL, SN","1.35","103.994","6.7","2024-08-03","85","H,,S",,
"SNM00048698","SINGAPORE CHANGI INTERNATIONAL, SN","1.35","103.994","6.7","2024-08-04","80","H,,S",,
"SNM00048698","SINGAPORE CHANGI INTERNATIONAL, SN","1.35","103.994","6.7","2024-08-05","84","H,,S","75",",,S"
"SNM00048698","SINGAPORE CHANGI INTERNATIONAL, SN","1.35","103.994","6.7","2024-08-06","85","H,,S","78",",,S"
"SNM00048698","SINGAPORE CHANGI INTERNATIONAL, SN","1.35","103.994","6.7","2024-08-07","85","H,,S",,
"SNM00048698","SINGAPORE CHANGI INTERNATIONAL, SN","1.35","103.994","6.7","2024-08-08","85","H,,S",,
"SNM00048698","SINGAPORE CHANGI INTERNATIONAL, SN","1.35","103.994","6.7","2024-08-09","83","H,,S",,
"SNM00048698","SINGAPORE CHANGI INTERNATIONAL, SN","1.35","103.994","6.7","2024-08-10","81","H,,S","78",",,S"
"SNM00048698","SINGAPORE CHANGI INTERNATIONAL, SN","1.35","103.994","6.7","2024-08-11","83","H,,S","78",",,S"
"SNM00048698","SINGAPORE CHANGI INTERNATIONAL, SN","1.35","103.994","6.7","2024-08-13","86","H,,S","82",",,S"
"SNM00048698","SINGAPORE CHANGI INTERNATIONAL, SN","1.35","103.994","6.7","2024-08-14","81","H,,S",,
"SNM00048698","SINGAPORE CHANGI INTERNATIONAL, SN","1.35","103.994","6.7","2024-08-15","84","H,,S","77",",,S"
"SNM00048698","SINGAPORE CHANGI INTERNATIONAL, SN","1.35","103.994","6.7","2024-08-16","84","H,,S","81",",,S"
"SNM00048698","SINGAPORE CHANGI INTERNATIONAL, SN","1.35","103.994","6.7","2024-08-17","83","H,,S",,
"SNM00048698","SINGAPORE CHANGI INTERNATIONAL, SN","1.35","103.994","6.7","2024-08-18","85","H,,S","80",",,S"
"SNM00048698","SINGAPORE CHANGI INTERNATIONAL, SN","1.35","103.994","6.7","2024-08-19","85","H,,S",,
"SNM00048698","SINGAPORE CHANGI INTERNATIONAL, SN","1.35","103.994","6.7","2024-08-20","82","H,,S",,
"SNM00048698","SINGAPORE CHANGI INTERNATIONAL, SN","1.35","103.994","6.7","2024-08-21","83","H,,S","77",",,S"
"SNM00048698","SINGAPORE CHANGI INTERNATIONAL, SN","1.35","103.994","6.7","2024-08-22","85","H,,S","80",",,S"
"SNM00048698","SINGAPORE CHANGI INTERNATIONAL, SN","1.35","103.994","6.7","2024-08-23","83","H,,S",,
"SNM00048698","SINGAPORE CHANGI INTERNATIONAL, SN","1.35","103.994","6.7","2024-08-24","80","H,,S","77",",,S"
"SNM00048698","SINGAPORE CHANGI INTERNATIONAL, SN","1.35","103.994","6.7","2024-08-25","81","H,,S",,
"SNM00048698","SINGAPORE CHANGI INTERNATIONAL, SN","1.35","103.994","6.7","2024-08-26","84","H,,S","76",",,S"
"SNM00048698","SINGAPORE CHANGI INTERNATIONAL, SN","1.35","103.994","6.7","2024-08-27","82","H,,S",,
"SNM00048698","SINGAPORE CHANGI INTERNATIONAL, SN","1.35","103.994","6.7","2024-08-28","83","H,,S","75",",,S"
"SNM00048698","SINGAPORE CHANGI INTERNATIONAL, SN","1.35","103.994","6.7","2024-08-29","84","H,,S","77",",,S"
"SNM00048698","SINGAPORE CHANGI INTERNATIONAL, SN","1.35","103.994","6.7","2024-08-30","85","H,,S","80",",,S"
"SNM00048698","SINGAPORE CHANGI INTERNATIONAL, SN","1.35","103.994","6.7","2024-08-31","84","H,,S",,
"SNM00048698","SINGAPORE CHANGI INTERNATIONAL, SN","1.35","103.994","6.7","2024-09-01","86","H,,S","80",",,S"
"SNM00048698","SINGAPORE CHANGI INTERNATIONAL, SN","1.35","103.994","6.7","2024-09-02","86","H,,S",,
"SNM00048698","SINGAPORE CHANGI INTERNATIONAL, SN","1.35","103.994","6.7","2024-09-03","84","H,,S",,
"SNM00048698","SINGAPORE CHANGI INTERNATIONAL, SN","1.35","103.994","6.7","2024-09-04","80","H,,S",,
"SNM00048698","SINGAPORE CHANGI INTERNATIONAL, SN","1.35","103.994","6.7","2024-09-05","85","H,,S","75",",,S"
"SNM00048698","SINGAPORE CHANGI INTERNATIONAL, SN","1.35","103.994","6.7","2024-09-06","85","H,,S","80",",,S"
"SNM00048698","SINGAPORE CHANGI INTERNATIONAL, SN","1.35","103.994","6.7","2024-09-07","87","H,,S","82",",,S"
"SNM00048698","SINGAPORE CHANGI INTERNATIONAL, SN","1.35","103.994","6.7","2024-09-08","82","H,,S",,
"SNM00048698","SINGAPORE CHANGI INTERNATIONAL, SN","1.35","103.994","6.7","2024-09-09","81","H,,S",,
"SNM00048698","SINGAPORE CHANGI INTERNATIONAL, SN","1.35","103.994","6.7","2024-09-10","83","H,,S","75",",,S"
"SNM00048698","SINGAPORE CHANGI INTERNATIONAL, SN","1.35","103.994","6.7","2024-09-11","83","H,,S","77",",,S"
"SNM00048698","SINGAPORE CHANGI INTERNATIONAL, SN","1.35","103.994","6.7","2024-09-12","84","H,,S","79",",,S"
"SNM00048698","SINGAPORE CHANGI INTERNATIONAL, SN","1.35","103.994","6.7","2024-09-13","84","H,,S",,
"SNM00048698","SINGAPORE CHANGI INTERNATIONAL, SN","1.35","103.994","6.7","2024-09-14","83","H,,S","74",",,S"
"SNM00048698","SINGAPORE CHANGI INTERNATIONAL, SN","1.35","103.994","6.7","2024-09-15","82","H,,S","76",",,S"
"SNM00048698","SINGAPORE CHANGI INTERNATIONAL, SN","1.35","103.994","6.7","2024-09-16","84","H,,S","78",",,S"
"SNM00048698","SINGAPORE CHANGI INTERNATIONAL, SN","1.35","103.994","6.7","2024-09-17","84","H,,S",,
"SNM00048698","SINGAPORE CHANGI INTERNATIONAL, SN","1.35","103.994","6.7","2024-09-18","85","H,,S","75",",,S"
"SNM00048698","SINGAPORE CHANGI INTERNATIONAL, SN","1.35","103.994","6.7","2024-09-19","84","H,,S","78",",,S"
"SNM00048698","SINGAPORE CHANGI INTERNATIONAL, SN","1.35","103.994","6.7","2024-09-20","83","H,,S",,
"SNM00048698","SINGAPORE CHANGI INTERNATIONAL, SN","1.35","103.994","6.7","2024-09-21","83","H,,S","75",",,S"
"SNM00048698","SINGAPORE CHANGI INTERNATIONAL, SN","1.35","103.994","6.7","2024-09-22","87","H,,S","79",",,S"
"SNM00048698","SINGAPORE CHANGI INTERNATIONAL, SN","1.35","103.994","6.7","2024-09-23","84","H,,S",,
"SNM00048698","SINGAPORE CHANGI INTERNATIONAL, SN","1.35","103.994","6.7","2024-09-24","82","H,,S",,
"SNM00048698","SINGAPORE CHANGI INTERNATIONAL, SN","1.35","103.994","6.7","2024-09-25","81","H,,S",,
"SNM00048698","SINGAPORE CHANGI INTERNATIONAL, SN","1.35","103.994","6.7","2024-09-26","80","H,,S",,
"SNM00048698","SINGAPORE CHANGI INTERNATIONAL, SN","1.35","103.994","6.7","2024-09-27","85","H,,S","74",",,S"
"SNM00048698","SINGAPORE CHANGI INTERNATIONAL, SN","1.35","103.994","6.7","2024-09-28","84","H,,S","80",",,S"
"SNM00048698","SINGAPORE CHANGI INTERNATIONAL, SN","1.35","103.994","6.7","2024-09-29","84","H,,S",,
"SNM00048698","SINGAPORE CHANGI INTERNATIONAL, SN","1.35","103.994","6.7","2024-09-30","83","H,,S",,
"SNM00048698","SINGAPORE CHANGI INTERNATIONAL, SN","1.35","103.994","6.7","2024-10-01","81","H,,S",,
"SNM00048698","SINGAPORE CHANGI INTERNATIONAL, SN","1.35","103.994","6.7","2024-10-02","85","H,,S","78",",,S"
"SNM00048698","SINGAPORE CHANGI INTERNATIONAL, SN","1.35","103.994","6.7","2024-10-03","82","H,,S",,
"SNM00048698","SINGAPORE CHANGI INTERNATIONAL, SN","1.35","103.994","6.7","2024-10-04","81","H,,S",,
"SNM00048698","SINGAPORE CHANGI INTERNATIONAL, SN","1.35","103.994","6.7","2024-10-05","82","H,,S","75",",,S"
"SNM00048698","SINGAPORE CHANGI INTERNATIONAL, SN","1.35","103.994","6.7","2024-10-06","82","H,,S","76",",,S"
"SNM00048698","SINGAPORE CHANGI INTERNATIONAL, SN","1.35","103.994","6.7","2024-10-07","83","H,,S","76",",,S"
"SNM00048698","SINGAPORE CHANGI INTERNATIONAL, SN","1.35","103.994","6.7","2024-10-08","83","H,,S",,
"SNM00048698","SINGAPORE CHANGI INTERNATIONAL, SN","1.35","103.994","6.7","2024-10-09","82","H,,S","78",",,S"
"SNM00048698","SINGAPORE CHANGI INTERNATIONAL, SN","1.35","103.994","6.7","2024-10-10","83","H,,S",,
"SNM00048698","SINGAPORE CHANGI INTERNATIONAL, SN","1.35","103.994","6.7","2024-10-11","84","H,,S",,
"SNM00048698","SINGAPORE CHANGI INTERNATIONAL, SN","1.35","103.994","6.7","2024-10-12","80","H,,S",,
"SNM00048698","SINGAPORE CHANGI INTERNATIONAL, SN","1.35","103.994","6.7","2024-10-13","82","H,,S",,
"SNM00048698","SINGAPORE CHANGI INTERNATIONAL, SN","1.35","103.994","6.7","2024-10-14","78","H,,S",,
"SNM00048698","SINGAPORE CHANGI INTERNATIONAL, SN","1.35","103.994","6.7","2024-10-15","83","H,,S","74",",,S"
"SNM00048698","SINGAPORE CHANGI INTERNATIONAL, SN","1.35","103.994","6.7","2024-10-16","83","H,,S",,
"SNM00048698","SINGAPORE CHANGI INTERNATIONAL, SN","1.35","103.994","6.7","2024-10-17","80","H,,S",,
"SNM00048698","SINGAPORE CHANGI INTERNATIONAL, SN","1.35","103.994","6.7","2024-10-18","82","H,,S","76",",,S"
"SNM00048698","SINGAPORE CHANGI INTERNATIONAL, SN","1.35","103.994","6.7","2024-10-19","82","H,,S",,
"SNM00048698","SINGAPORE CHANGI INTERNATIONAL, SN","1.35","103.994","6.7","2024-10-20","81","H,,S","72",",,S"
"SNM00048698","SINGAPORE CHANGI INTERNATIONAL, SN","1.35","103.994","6.7","2024-10-21","85","H,,S","74",",,S"
"SNM00048698","SINGAPORE CHANGI INTERNATIONAL, SN","1.35","103.994","6.7","2024-10-22","86","H,,S","81",",,S"
"SNM00048698","SINGAPORE CHANGI INTERNATIONAL, SN","1.35","103.994","6.7","2024-10-23","84","H,,S",,
"SNM00048698","SINGAPORE CHANGI INTERNATIONAL, SN","1.35","103.994","6.7","2024-10-24","83","H,,S",,
"SNM00048698","SINGAPORE CHANGI INTERNATIONAL, SN","1.35","103.994","6.7","2024-10-25","85","H,,S","79",",,S"
"SNM00048698","SINGAPORE CHANGI INTERNATIONAL, SN","1.35","103.994","6.7","2024-10-26","86","H,,S","81",",,S"
"SNM00048698","SINGAPORE CHANGI INTERNATIONAL, SN","1.35","103.994","6.7","2024-10-27","86","H,,S","82",",,S"
"SNM00048698","SINGAPORE CHANGI INTERNATIONAL, SN","1.35","103.994","6.7","2024-10-28","85","H,,S",,
"SNM00048698","SINGAPORE CHANGI INTERNATIONAL, SN","1.35","103.994","6.7","2024-10-29","86","H,,S",,
"SNM00048698","SINGAPORE CHANGI INTERNATIONAL, SN","1.35","103.994","6.7","2024-10-30","86","H,,S","81",",,S"
"SNM00048698","SINGAPORE CHANGI INTERNATIONAL, SN","1.35","103.994","6.7","2024-10-31","85","H,,S",,
"SNM00048698","SINGAPORE CHANGI INTERNATIONAL, SN","1.35","103.994","6.7","2024-11-01","82","H,,S",,
"SNM00048698","SINGAPORE CHANGI INTERNATIONAL, SN","1.35","103.994","6.7","2024-11-02","82","H,,S","76",",,S"
"SNM00048698","SINGAPORE CHANGI INTERNATIONAL, SN","1.35","103.994","6.7","2024-11-03","81","H,,S",,
"SNM00048698","SINGAPORE CHANGI INTERNATIONAL, SN","1.35","103.994","6.7","2024-11-04","80","H,,S",,
"SNM00048698","SINGAPORE CHANGI INTERNATIONAL, SN","1.35","103.994","6.7","2024-11-05","83","H,,S","75",",,S"
"SNM00048698","SINGAPORE CHANGI INTERNATIONAL, SN","1.35","103.994","6.7","2024-11-06","81","H,,S",,
"SNM00048698","SINGAPORE CHANGI INTERNATIONAL, SN","1.35","103.994","6.7","2024-11-07","81","H,,S","78",",,S"
"SNM00048698","SINGAPORE CHANGI INTERNATIONAL, SN","1.35","103.994","6.7","2024-11-08","83","H,,S",,
"SNM00048698","SINGAPORE CHANGI INTERNATIONAL, SN","1.35","103.994","6.7","2024-11-09","82","H,,S",,
"SNM00048698","SINGAPORE CHANGI INTERNATIONAL, SN","1.35","103.994","6.7","2024-11-10","81","H,,S",,
"SNM00048698","SINGAPORE CHANGI INTERNATIONAL, SN","1.35","103.994","6.7","2024-11-11","82","H,,S","75",",,S"
"SNM00048698","SINGAPORE CHANGI INTERNATIONAL, SN","1.35","103.994","6.7","2024-11-12","82","H,,S",,
"SNM00048698","SINGAPORE CHANGI INTERNATIONAL, SN","1.35","103.994","6.7","2024-11-13","81","H,,S",,
"SNM00048698","SINGAPORE CHANGI INTERNATIONAL, SN","1.35","103.994","6.7","2024-11-14","83","H,,S","78",",,S"
"SNM00048698","SINGAPORE CHANGI INTERNATIONAL, SN","1.35","103.994","6.7","2024-11-15","82","H,,S",,
"SNM00048698","SINGAPORE CHANGI INTERNATIONAL, SN","1.35","103.994","6.7","2024-11-16","80","H,,S",,
"SNM00048698","SINGAPORE CHANGI INTERNATIONAL, SN","1.35","103.994","6.7","2024-11-17","80","H,,S","76",",,S"
"SNM00048698","SINGAPORE CHANGI INTERNATIONAL, SN","1.35","103.994","6.7","2024-11-22","79","H,,S",,
"SNM00048698","SINGAPORE CHANGI INTERNATIONAL, SN","1.35","103.994","6.7","2024-11-23","82","H,,S","75",",,S"
"SNM00048698","SINGAPORE CHANGI INTERNATIONAL, SN","1.35","103.994","6.7","2024-11-24","82","H,,S","77",",,S"
"SNM00048698","SINGAPORE CHANGI INTERNATIONAL, SN","1.35","103.994","6.7","2024-11-25","82","H,,S",,
"SNM00048698","SINGAPORE CHANGI INTERNATIONAL, SN","1.35","103.994","6.7","2024-11-26","80","H,,S",,
"SNM00048698","SINGAPORE CHANGI INTERNATIONAL, SN","1.35","103.994","6.7","2024-11-27","78","H,,S","74",",,S"
"SNM00048698","SINGAPORE CHANGI INTERNATIONAL, SN","1.35","103.994","6.7","2024-11-28","80","H,,S","75",",,S"
"SNM00048698","SINGAPORE CHANGI INTERNATIONAL, SN","1.35","103.994","6.7","2024-11-29","79","H,,S","75",",,S"
"SNM00048698","SINGAPORE CHANGI INTERNATIONAL, SN","1.35","103.994","6.7","2024-11-30","83","H,,S","75",",,S"
"SNM00048698","SINGAPORE CHANGI INTERNATIONAL, SN","1.35","103.994","6.7","2024-12-02","82","H,,S",,
"SNM00048698","SINGAPORE CHANGI INTERNATIONAL, SN","1.35","103.994","6.7","2024-12-03","81","H,,S",,
"SNM00048698","SINGAPORE CHANGI INTERNATIONAL, SN","1.35","103.994","6.7","2024-12-04","83","H,,S","75",",,S"
"SNM00048698","SINGAPORE CHANGI INTERNATIONAL, SN","1.35","103.994","6.7","2024-12-05","84","H,,S","78",",,S"
"SNM00048698","SINGAPORE CHANGI INTERNATIONAL, SN","1.35","103.994","6.7","2024-12-06","84","H,,S",,
"SNM00048698","SINGAPORE CHANGI INTERNATIONAL, SN","1.35","103.994","6.7","2024-12-07","85","H,,S","79",",,S"
"SNM00048698","SINGAPORE CHANGI INTERNATIONAL, SN","1.35","103.994","6.7","2024-12-08","82","H,,S",,
"SNM00048698","SINGAPORE CHANGI INTERNATIONAL, SN","1.35","103.994","6.7","2024-12-09","81","H,,S","77",",,S"
"SNM00048698","SINGAPORE CHANGI INTERNATIONAL, SN","1.35","103.994","6.7","2024-12-10","82","H,,S","78",",,S"
"SNM00048698","SINGAPORE CHANGI INTERNATIONAL, SN","1.35","103.994","6.7","2024-12-11","82","H,,S",,
"SNM00048698","SINGAPORE CHANGI INTERNATIONAL, SN","1.35","103.994","6.7","2024-12-12","81","H,,S","76",",,S"
"SNM00048698","SINGAPORE CHANGI INTERNATIONAL, SN","1.35","103.994","6.7","2024-12-13","81","H,,S","76",",,S"
"SNM00048698","SINGAPORE CHANGI INTERNATIONAL, SN","1.35","103.994","6.7","2024-12-14","83","H,,S","78",",,S"
"SNM00048698","SINGAPORE CHANGI INTERNATIONAL, SN","1.35","103.994","6.7","2024-12-15","83","H,,S",,
"SNM00048698","SINGAPORE CHANGI INTERNATIONAL, SN","1.35","103.994","6.7","2024-12-16","81","H,,S",,
"SNM00048698","SINGAPORE CHANGI INTERNATIONAL, SN","1.35","103.994","6.7","2024-12-17","81","H,,S","76",",,S"
"SNM00048698","SINGAPORE CHANGI INTERNATIONAL, SN","1.35","103.994","6.7","2024-12-18","79","H,,S","78",",,S"
"SNM00048698","SINGAPORE CHANGI INTERNATIONAL, SN","1.35","103.994","6.7","2024-12-19","81","H,,S",,
"SNM00048698","SINGAPORE CHANGI INTERNATIONAL, SN","1.35","103.994","6.7","2024-12-20","81","H,,S",,
"SNM00048698","SINGAPORE CHANGI INTERNATIONAL, SN","1.35","103.994","6.7","2024-12-21","81","H,,S","78",",,S"
"SNM00048698","SINGAPORE CHANGI INTERNATIONAL, SN","1.35","103.994","6.7","2024-12-22","81","H,,S",,
"SNM00048698","SINGAPORE CHANGI INTERNATIONAL, SN","1.35","103.994","6.7","2024-12-23","80","H,,S",,
"SNM00048698","SINGAPORE CHANGI INTERNATIONAL, SN","1.35","103.994","6.7","2024-12-24","80","H,,S","76",",,S"
"SNM00048698","SINGAPORE CHANGI INTERNATIONAL, SN","1.35","103.994","6.7","2024-12-25","81","H,,S",,
"SNM00048698","SINGAPORE CHANGI INTERNATIONAL, SN","1.35","103.994","6.7","2024-12-26","81","H,,S","77",",,S"
"SNM00048698","SINGAPORE CHANGI INTERNATIONAL, SN","1.35","103.994","6.7","2024-12-27","82","H,,S",,
"SNM00048698","SINGAPORE CHANGI INTERNATIONAL, SN","1.35","103.994","6.7","2024-12-28","82","H,,S","78",",,S"
"SNM00048698","SINGAPORE CHANGI INTERNATIONAL, SN","1.35","103.994","6.7","2024-12-29","81","H,,S",,
"SNM00048698","SINGAPORE CHANGI INTERNATIONAL, SN","1.35","103.994","6.7","2024-12-30","80","H,,S","73",",,S"
"SNM00048698","SINGAPORE CHANGI INTERNATIONAL, SN","1.35","103.994","6.7","2024-12-31","81","H,,S","76",",,S"
